"method","gene","moran","pval"
"Seurat","ACE",0.149467874353794,0
"Seurat","ACE2",0.0749660890886656,0
"Seurat","ACKR1",0.325361248060816,0
"Seurat","ADAM17",0.0297730031040487,1.49528140384584e-154
"Seurat","ADAM28",0.200501331198364,0
"Seurat","ADAMTS1",0.362431722336215,0
"Seurat","ADGRL4",0.114893939955055,0
"Seurat","AGER",0.43892113927228,0
"Seurat","AGR3",0.673667618165487,0
"Seurat","AIF1",0.248421277735178,0
"Seurat","ANPEP",0.142659298175317,0
"Seurat","APOD",0.418864495675797,0
"Seurat","APOLD1",0.170355567285948,0
"Seurat","AQP9",0.149729901511014,0
"Seurat","AREG",0.169371223376469,0
"Seurat","ARL14",0.0054093844849926,7.45440747989366e-07
"Seurat","ASCL1",0.370376479193833,0
"Seurat","ASCL2",0.0116766796978648,1.51880866845374e-25
"Seurat","ASCL3",0.0347020780653265,9.75565362673861e-221
"Seurat","ATP1B1",0.39961458594833,0
"Seurat","BAIAP2L1",0.218617516972322,0
"Seurat","BANK1",0.261346857979389,0
"Seurat","BCAS1",0.111181304455986,0
"Seurat","BMX",0.133160117222447,0
"Seurat","CA4",0.129143841640217,0
"Seurat","CCDC78",0.554707307056004,0
"Seurat","CCNA1",0.171947305424558,0
"Seurat","CCNB2",0.0987350358812409,0
"Seurat","CCR7",0.256315814205889,0
"Seurat","CD14",0.180930299936542,0
"Seurat","CD163",0.161137193230037,0
"Seurat","CD19",0.197746462995876,0
"Seurat","CD1A",0.0852899746589969,0
"Seurat","CD1C",0.104638308245316,0
"Seurat","CD2",0.243394216343085,0
"Seurat","CD24",0.554871300699425,0
"Seurat","CD247",0.102625999160251,0
"Seurat","CD27",0.141541356860779,0
"Seurat","CD274",0.104436393889908,0
"Seurat","CD28",0.177447631647366,0
"Seurat","CD300E",0.0776885636266119,0
"Seurat","CD34",0.127998103145782,0
"Seurat","CD38",0.169929881885259,0
"Seurat","CD3D",0.175428255838445,0
"Seurat","CD3E",0.255595595255654,0
"Seurat","CD4",0.162371379983441,0
"Seurat","CD40",0.0358985745081204,1.31776257695452e-223
"Seurat","CD40LG",0.125698755732298,0
"Seurat","CD68",0.315357364770845,0
"Seurat","CD70",-0.000136385035034534,0.547463437537712
"Seurat","CD79A",0.295622936217576,0
"Seurat","CD80",0.0649116047051432,0
"Seurat","CD86",0.124973373072437,0
"Seurat","CD8A",0.122877464191919,0
"Seurat","CD8B",0.0345735044427959,1.29311716046254e-207
"Seurat","CDH1",0.628129361990711,0
"Seurat","CDK1",0.105047751993221,0
"Seurat","CENPF",0.105394784128252,0
"Seurat","CFB",0.309306531262994,0
"Seurat","CFTR",0.136996209964222,0
"Seurat","CHIT1",0.50091871967599,0
"Seurat","CLDN5",0.11001796819105,0
"Seurat","CLEC10A",0.106556105724341,0
"Seurat","CLEC12A",0.0821300926654587,0
"Seurat","CLEC4E",0.061919775465572,0
"Seurat","CNN1",0.574744012990318,0
"Seurat","COL5A2",0.0901418772815165,0
"Seurat","COL8A1",0.221578167242348,0
"Seurat","CP",0.600536885035172,0
"Seurat","CSPG4",0.122456243097124,0
"Seurat","CSTA",0.101547548267863,0
"Seurat","CTLA4",0.159443594011046,0
"Seurat","CTSL",0.244204308067949,0
"Seurat","CTTN",0.341573748058577,0
"Seurat","CXCL10",0.492050152599603,0
"Seurat","CXCL13",0.38199171873839,0
"Seurat","CXCL5",0.130654903221942,0
"Seurat","CXCL6",0.465287415937525,0
"Seurat","CXCL9",0.522739226440141,0
"Seurat","CXCR5",0.123638575907271,0
"Seurat","CXCR6",0.0609644611463523,0
"Seurat","CYP2F1",0.405124740891517,0
"Seurat","DAPK2",0.0775534585889734,0
"Seurat","DCLK1",0.118779201858463,0
"Seurat","DES",0.589475517392975,0
"Seurat","DGKG",0.139929196316334,0
"Seurat","DIRAS3",0.0723142282649617,0
"Seurat","DMBT1",0.232781606644304,0
"Seurat","DNAJB9",0.126424662978708,0
"Seurat","DPP6",0.0247270409170782,2.26174979965722e-107
"Seurat","DUOX1",0.151658117743221,0
"Seurat","ECSCR",0.140351799269011,0
"Seurat","EGFR",0.327818331399936,0
"Seurat","EHF",0.385317274106176,0
"Seurat","ELF3",0.303439339506502,0
"Seurat","ENAH",0.180471109297369,0
"Seurat","EPCAM",0.647582380030115,0
"Seurat","ETV5",0.0778170428341002,0
"Seurat","F3",0.313761670470654,0
"Seurat","FABP3",0.352703079912964,0
"Seurat","FAM184A",0.0789534430779563,0
"Seurat","FAS",0.0630650378576356,0
"Seurat","FASLG",0.0101206481253529,1.1502702273687e-19
"Seurat","FASN",0.0638855275866094,0
"Seurat","FBN1",0.151083172356869,0
"Seurat","FCER1A",0.121068089854508,0
"Seurat","FCGR1A",0.201741594436241,0
"Seurat","FCGR3A",0.29778563211394,0
"Seurat","FCMR",0.372295712746486,0
"Seurat","FCN1",0.0914652875330564,0
"Seurat","FCN3",0.261459067100307,0
"Seurat","FGFBP2",0.0557140260350082,0
"Seurat","FGFR4",0.128513963202278,0
"Seurat","FKBP11",0.0943780943235839,0
"Seurat","FOXI1",-0.000119461219272674,0.542218180953682
"Seurat","FOXJ1",0.470544649211062,0
"Seurat","FOXP3",0.0903373837986708,0
"Seurat","FSCN1",0.171115774724403,0
"Seurat","GJA5",0.163449403424502,0
"Seurat","GKN2",0.150774749462324,0
"Seurat","GLCCI1",0.0971964372277308,0
"Seurat","GLIPR2",0.0749310133156948,0
"Seurat","GNG11",0.160856034721488,0
"Seurat","GPI",0.0953357421532488,0
"Seurat","GPR171",0.142328334185248,0
"Seurat","GPR183",0.245709182692364,0
"Seurat","GPR34",0.0727530382806332,0
"Seurat","GPX2",0.0917238579278952,0
"Seurat","GZMA",0.10796938705551,0
"Seurat","GZMB",0.072889783508353,0
"Seurat","GZMK",0.176959063781664,0
"Seurat","HAVCR2",0.138882847473027,0
"Seurat","HIF1A",0.101651220178407,0
"Seurat","HIGD1B",0.0291520132909905,2.55931103143633e-148
"Seurat","HMGCS1",0.071546116870295,0
"Seurat","HP",0.0845625660829356,0
"Seurat","HPGDS",0.0803475636162597,0
"Seurat","ICA1",0.257059822536401,0
"Seurat","IGF1",0.129116498423579,0
"Seurat","IGFBP3",0.269573552873562,0
"Seurat","IL1RL1",0.149162503725311,0
"Seurat","IL7R",0.346416197658928,0
"Seurat","IQGAP2",0.0287073624554567,7.41824687078722e-144
"Seurat","IRF8",0.204721554137511,0
"Seurat","ITGAM",0.114202821452708,0
"Seurat","ITGB4",0.130496301633157,0
"Seurat","KCNK3",0.0968529476155725,0
"Seurat","KDR",0.120275424658205,0
"Seurat","KIT",0.127337159976832,0
"Seurat","KLF5",0.232535335026235,0
"Seurat","KLK11",0.221572369470428,0
"Seurat","KLRB1",0.180611039334813,0
"Seurat","KLRC1",-0.000586437663722966,0.698231433748543
"Seurat","KLRD1",0.0450442552673027,0
"Seurat","KRT15",0.27509031348016,0
"Seurat","KRT7",0.32779084329211,0
"Seurat","LAG3",0.0342974762742783,2.40851655515353e-204
"Seurat","LAMC3",0.0519992813329481,0
"Seurat","LCK",0.119138364004543,0
"Seurat","LGALS3BP",0.473161166292945,0
"Seurat","LGR5",0.0621134116220761,0
"Seurat","LGR6",0.174619905022403,0
"Seurat","LILRA4",0.0710087081719894,0
"Seurat","LILRA5",0.0317788677402915,7.87629031564763e-176
"Seurat","LILRB2",0.0551744755929771,0
"Seurat","LILRB4",0.167165302752185,0
"Seurat","LMOD1",0.264319120041852,0
"Seurat","LTBP2",0.245789688482111,0
"Seurat","LTF",0.468616868166755,0
"Seurat","LYVE1",0.177515566335995,0
"Seurat","MALL",0.316041845491312,0
"Seurat","MAP7",0.136307437410452,0
"Seurat","MARCO",0.346686312270371,0
"Seurat","MCEMP1",0.231716810002611,0
"Seurat","MEDAG",0.089234097554211,0
"Seurat","MET",0.202998264165685,0
"Seurat","MFAP5",0.0605867488256515,0
"Seurat","MIS18BP1",0.0448622044122134,0
"Seurat","MKI67",0.135257617775764,0
"Seurat","MMP12",0.309558200031678,0
"Seurat","MMP9",0.302386614424426,0
"Seurat","MMRN1",0.298429533073484,0
"Seurat","MPEG1",0.151171885523445,0
"Seurat","MS4A1",0.384076658263724,0
"Seurat","MS4A2",0.116003699251315,0
"Seurat","MS4A4A",0.209446942366801,0
"Seurat","MTUS1",0.130315959229013,0
"Seurat","MUC1",0.58192517985208,0
"Seurat","MUC5B",0.707969598039495,0
"Seurat","MYC",0.222447267537534,0
"Seurat","MYH11",0.684807036196152,0
"Seurat","MYO6",0.224083894692962,0
"Seurat","MZB1",0.361217887818967,0
"Seurat","NCEH1",0.090643068971534,0
"Seurat","NFKB1",0.0473046746830809,0
"Seurat","NID1",0.0877832296491948,0
"Seurat","NKG7",0.00985496241703555,9.53739843911783e-19
"Seurat","NTN4",0.0772138657404179,0
"Seurat","NTRK2",0.130531349335645,0
"Seurat","OTUD7B",0.0487437088226323,0
"Seurat","P2RX1",0.0378813001648811,9.66450149579987e-249
"Seurat","PAMR1",0.0602656281879493,0
"Seurat","PCNA",0.0569148247365423,0
"Seurat","PCOLCE2",0.136061714373088,0
"Seurat","PDCD1",-0.000191087035994658,0.566679520732176
"Seurat","PDCD1LG2",0.0416830894985092,1.25650391879167e-300
"Seurat","PDGFRA",0.0983677320771842,0
"Seurat","PDGFRB",0.100938136373923,0
"Seurat","PDPN",0.162862017693079,0
"Seurat","PEBP4",0.198270507386779,0
"Seurat","PI3",0.0475806156854178,0
"Seurat","PIM1",0.110542804764611,0
"Seurat","PIM2",0.228852206296058,0
"Seurat","PLA2G2A",0.144423086190324,0
"Seurat","PLA2G4F",0.060455657309217,0
"Seurat","PLA2G7",0.208491162036193,0
"Seurat","PLN",0.597750825729314,0
"Seurat","PLVAP",0.267089868920133,0
"Seurat","POU2AF1",0.237505919855381,0
"Seurat","PROX1",0.285051210058362,0
"Seurat","PTGS1",0.122480007048114,0
"Seurat","RAMP2",0.096343025300376,0
"Seurat","RARRES1",0.146427032402229,0
"Seurat","RBP4",0.0762907436294419,0
"Seurat","RERGL",0.209882015786973,0
"Seurat","RETN",0.116544647726415,0
"Seurat","RGS5",0.272067339842281,0
"Seurat","RND1",0.144853901970366,0
"Seurat","RUNX3",0.0844958744151385,0
"Seurat","S100A12",0.0835058908652046,0
"Seurat","S100A7",-8.23807625012356e-05,0.528357254825618
"Seurat","S100B",0.197847781181876,0
"Seurat","SAMD3",0.0468808151545927,0
"Seurat","SCEL",0.193407781057492,0
"Seurat","SEC11C",0.305472078727938,0
"Seurat","SELE",0.215937050445036,0
"Seurat","SELL",0.287173873273517,0
"Seurat","SELP",0.192492273116855,0
"Seurat","SEMA3B",0.14798162865884,0
"Seurat","SEMA3C",0.200989339435413,0
"Seurat","SERPINA3",0.127313886564911,0
"Seurat","SFRP2",0.261272036562966,0
"Seurat","SFTA2",0.294379940260777,0
"Seurat","SFTPD",0.274238224486758,0
"Seurat","SHANK3",0.183608196417331,0
"Seurat","SLC15A2",0.104995232198224,0
"Seurat","SLC18A2",0.0557575702344539,0
"Seurat","SLC1A3",0.12016912519031,0
"Seurat","SLC2A1",0.0641482989325662,0
"Seurat","SLC7A11",0.0354339974841184,5.18980535295536e-218
"Seurat","SLIT3",0.210896796776597,0
"Seurat","SMIM24",-8.51498637622846e-05,0.529359263719251
"Seurat","SOX2",0.334008378295184,0
"Seurat","SOX9",0.114168360491948,0
"Seurat","SPDEF",0.0836595628230498,0
"Seurat","SPIB",0.110817142623095,0
"Seurat","STAT4",0.110099015217064,0
"Seurat","STC1",0.0784685449612236,0
"Seurat","STEAP4",0.35808992566503,0
"Seurat","SVEP1",0.141551295458879,0
"Seurat","SYK",0.101301506595862,0
"Seurat","TACSTD2",0.334588919672157,0
"Seurat","TC2N",0.161288175353431,0
"Seurat","THBS2",0.245153557164672,0
"Seurat","THY1",0.19996259692562,0
"Seurat","TM4SF18",0.0883153783147754,0
"Seurat","TM4SF4",0.109587916262548,0
"Seurat","TMC5",0.432090969603455,0
"Seurat","TMEM100",0.233557414900615,0
"Seurat","TMPRSS2",0.505120246125072,0
"Seurat","TNFRSF13B",0.13369180137906,0
"Seurat","TNFRSF13C",0.318516624999903,0
"Seurat","TNFRSF17",0.168491367023292,0
"Seurat","TNFRSF18",0.00108688938144173,0.164981948928472
"Seurat","TOP2A",0.192573223722458,0
"Seurat","TP63",0.17907464577845,0
"Seurat","TP73",0.256812256723938,0
"Seurat","TREM2",0.151083030941693,0
"Seurat","TRPC6",0.077025449611375,0
"Seurat","TSPAN8",0.326197383888582,0
"Seurat","UBE2C",0.102447262243826,0
"Seurat","UPK1B",0.154042652342724,0
"Seurat","UPK3B",0.0764088696657793,0
"Seurat","VSIG4",0.197736420336077,0
"Seurat","VWF",0.245387301969448,0
"Seurat","WFS1",0.0638666581428097,0
"Seurat","WNT2",0.0589007283314908,0
"Seurat","WT1",-0.000124615768052221,0.54325636676981
"Baysor","ACE",0.121442418126982,0
"Baysor","ACE2",0.193708522536683,0
"Baysor","ACKR1",0.295369127031133,0
"Baysor","ADAM17",0.0324899306968039,1.20743750730937e-232
"Baysor","ADAM28",0.15085162046762,0
"Baysor","ADAMTS1",0.262977480614086,0
"Baysor","ADGRL4",0.0997121363329823,0
"Baysor","AGER",0.393562423454572,0
"Baysor","AGR3",0.489356890778221,0
"Baysor","AIF1",0.169372627391234,0
"Baysor","ANPEP",0.137996433846618,0
"Baysor","APOD",0.2908740169022,0
"Baysor","APOLD1",0.12110699458636,0
"Baysor","AQP9",0.151943965968763,0
"Baysor","AREG",0.115652367725637,0
"Baysor","ARL14",0.0259601510193121,1.87717197028678e-149
"Baysor","ASCL1",0.218699445940903,0
"Baysor","ASCL2",0.0326790735785036,2.27877315754703e-235
"Baysor","ASCL3",0.00296623936399548,0.00146135813186732
"Baysor","ATP1B1",0.272684520019784,0
"Baysor","BAIAP2L1",0.212024468812511,0
"Baysor","BANK1",0.149720413456333,0
"Baysor","BCAS1",0.194931897312773,0
"Baysor","BMX",0.0967285440616012,0
"Baysor","CA4",0.10937907372161,0
"Baysor","CCDC78",0.502928195854373,0
"Baysor","CCNA1",0.164570928296591,0
"Baysor","CCNB2",0.112720017914575,0
"Baysor","CCR7",0.215072732949484,0
"Baysor","CD14",0.115143721523389,0
"Baysor","CD163",0.126651716239036,0
"Baysor","CD19",0.175141282340577,0
"Baysor","CD1A",0.0728797326335745,0
"Baysor","CD1C",0.0832151718280277,0
"Baysor","CD2",0.203974560683454,0
"Baysor","CD24",0.417992707281525,0
"Baysor","CD247",0.103895167761758,0
"Baysor","CD27",0.122227423532772,0
"Baysor","CD274",0.0750926528431903,0
"Baysor","CD28",0.154581149645596,0
"Baysor","CD300E",0.0569637911082856,0
"Baysor","CD34",0.104800593265889,0
"Baysor","CD38",0.139146492633059,0
"Baysor","CD3D",0.152192355832935,0
"Baysor","CD3E",0.204035278207783,0
"Baysor","CD4",0.124692022267199,0
"Baysor","CD40",0.0284323862995929,9.89466624922439e-179
"Baysor","CD40LG",0.118220021143017,0
"Baysor","CD68",0.180872459694397,0
"Baysor","CD70",0.00836971574720479,2.39670119227986e-17
"Baysor","CD79A",0.238434567131866,0
"Baysor","CD80",0.0587764600157257,0
"Baysor","CD86",0.11071420578843,0
"Baysor","CD8A",0.120859764132463,0
"Baysor","CD8B",0.0314586965692899,2.74591432116811e-218
"Baysor","CDH1",0.417666281732119,0
"Baysor","CDK1",0.111251122559524,0
"Baysor","CENPF",0.11505998958353,0
"Baysor","CFB",0.238044171643238,0
"Baysor","CFTR",0.1388868550034,0
"Baysor","CHIT1",0.366487554102194,0
"Baysor","CLDN5",0.0946340115767752,0
"Baysor","CLEC10A",0.0769274329142057,0
"Baysor","CLEC12A",0.0745113295562011,0
"Baysor","CLEC4E",0.0564580245256363,0
"Baysor","CNN1",0.453094522971381,0
"Baysor","COL5A2",0.0753331344362137,0
"Baysor","COL8A1",0.207600151589311,0
"Baysor","CP",0.481789074383949,0
"Baysor","CSPG4",0.0931891441362777,0
"Baysor","CSTA",0.0885574201658137,0
"Baysor","CTLA4",0.135526943898931,0
"Baysor","CTSL",0.108594569192519,0
"Baysor","CTTN",0.202254053745538,0
"Baysor","CXCL10",0.356027100961613,0
"Baysor","CXCL13",0.250325072418567,0
"Baysor","CXCL5",0.0903202060301231,0
"Baysor","CXCL6",0.333074201987337,0
"Baysor","CXCL9",0.385625572639597,0
"Baysor","CXCR5",0.114450393027852,0
"Baysor","CXCR6",0.0551386115916991,0
"Baysor","CYP2F1",0.368209299824579,0
"Baysor","DAPK2",0.0626995969443772,0
"Baysor","DCLK1",0.175936836983418,0
"Baysor","DES",0.489350987230419,0
"Baysor","DGKG",0.102108124905373,0
"Baysor","DIRAS3",0.0444279424590228,0
"Baysor","DMBT1",0.164489903219073,0
"Baysor","DNAJB9",0.10393537410683,0
"Baysor","DPP6",0.0190125658558036,3.31010087285787e-81
"Baysor","DUOX1",0.160390504289051,0
"Baysor","ECSCR",0.117283306539345,0
"Baysor","EGFR",0.268736794598539,0
"Baysor","EHF",0.382036086596096,0
"Baysor","ELF3",0.267130813095831,0
"Baysor","ENAH",0.142476719938629,0
"Baysor","EPCAM",0.415789741288148,0
"Baysor","ETV5",0.0935912022593296,0
"Baysor","F3",0.18499252048687,0
"Baysor","FABP3",0.295763886454384,0
"Baysor","FAM184A",0.131875477017188,0
"Baysor","FAS",0.039830369868143,0
"Baysor","FASLG",0.0116221454210198,1.20367152836557e-31
"Baysor","FASN",0.123469200360814,0
"Baysor","FBN1",0.110206233759791,0
"Baysor","FCER1A",0.0870447496185379,0
"Baysor","FCGR1A",0.151680619979727,0
"Baysor","FCGR3A",0.190729336685239,0
"Baysor","FCMR",0.262054339863788,0
"Baysor","FCN1",0.0689993033538838,0
"Baysor","FCN3",0.225973652523858,0
"Baysor","FGFBP2",0.0416686832609231,0
"Baysor","FGFR4",0.112294108276438,0
"Baysor","FKBP11",0.0702969510105999,0
"Baysor","FOXI1",0.00808704557128286,2.55587275418336e-16
"Baysor","FOXJ1",0.32485285876856,0
"Baysor","FOXP3",0.0880764561803788,0
"Baysor","FSCN1",0.18003813397679,0
"Baysor","GJA5",0.123837490631337,0
"Baysor","GKN2",0.129634340050226,0
"Baysor","GLCCI1",0.110652585362541,0
"Baysor","GLIPR2",0.0783547893276551,0
"Baysor","GNG11",0.125471098904629,0
"Baysor","GPI",0.096271964503262,0
"Baysor","GPR171",0.157864876995866,0
"Baysor","GPR183",0.192770049260768,0
"Baysor","GPR34",0.0698914191368194,0
"Baysor","GPX2",0.185473661615976,0
"Baysor","GZMA",0.100805200192484,0
"Baysor","GZMB",0.0566583241087856,0
"Baysor","GZMK",0.152446830396249,0
"Baysor","HAVCR2",0.118412371403119,0
"Baysor","HIF1A",0.0464472166824291,0
"Baysor","HIGD1B",0.0288351135467509,8.37595697404439e-184
"Baysor","HMGCS1",0.0777813884910705,0
"Baysor","HP",0.0430598487561795,0
"Baysor","HPGDS",0.0756253412989952,0
"Baysor","ICA1",0.251159015486075,0
"Baysor","IGF1",0.112841605562783,0
"Baysor","IGFBP3",0.204399375961381,0
"Baysor","IL1RL1",0.138314169270603,0
"Baysor","IL7R",0.260364811642809,0
"Baysor","IQGAP2",0.0808341003114594,0
"Baysor","IRF8",0.157213102347086,0
"Baysor","ITGAM",0.0998799986739321,0
"Baysor","ITGB4",0.158232120511698,0
"Baysor","KCNK3",0.093364867027944,0
"Baysor","KDR",0.100794949887734,0
"Baysor","KIT",0.144416293680365,0
"Baysor","KLF5",0.249747725860989,0
"Baysor","KLK11",0.215530407205987,0
"Baysor","KLRB1",0.142277419200759,0
"Baysor","KLRC1",0.00500842339874461,2.5640293184478e-07
"Baysor","KLRD1",0.038314668732285,1.33397724377137e-322
"Baysor","KRT15",0.179930918659775,0
"Baysor","KRT7",0.305120360551327,0
"Baysor","LAG3",0.0393420040503145,0
"Baysor","LAMC3",0.046553406798126,0
"Baysor","LCK",0.109507324410118,0
"Baysor","LGALS3BP",0.308025990419644,0
"Baysor","LGR5",0.0478474428039927,0
"Baysor","LGR6",0.13278847643971,0
"Baysor","LILRA4",0.0518564211514801,0
"Baysor","LILRA5",0.0282152629927764,4.33412324264128e-176
"Baysor","LILRB2",0.0547380323186032,0
"Baysor","LILRB4",0.143481222895962,0
"Baysor","LMOD1",0.237730989012027,0
"Baysor","LTBP2",0.189070914161537,0
"Baysor","LTF",0.345486688095696,0
"Baysor","LYVE1",0.142353413374911,0
"Baysor","MALL",0.248280159284059,0
"Baysor","MAP7",0.223544264714554,0
"Baysor","MARCO",0.281119546989418,0
"Baysor","MCEMP1",0.175442099168172,0
"Baysor","MEDAG",0.0611619523555463,0
"Baysor","MET",0.203169156504252,0
"Baysor","MFAP5",0.0441526023653743,0
"Baysor","MIS18BP1",0.0351733963574998,3.06603947822626e-272
"Baysor","MKI67",0.143792349574949,0
"Baysor","MMP12",0.282874291237913,0
"Baysor","MMP9",0.214953076918674,0
"Baysor","MMRN1",0.233359562866704,0
"Baysor","MPEG1",0.119842487173456,0
"Baysor","MS4A1",0.314505013328362,0
"Baysor","MS4A2",0.0997465848583774,0
"Baysor","MS4A4A",0.15555096658766,0
"Baysor","MTUS1",0.0906126864797751,0
"Baysor","MUC1",0.408331461486541,0
"Baysor","MUC5B",0.588957462229578,0
"Baysor","MYC",0.126448452557786,0
"Baysor","MYH11",0.511476356350053,0
"Baysor","MYO6",0.195344971460704,0
"Baysor","MZB1",0.258110920759813,0
"Baysor","NCEH1",0.109316800926134,0
"Baysor","NFKB1",0.0261624877777091,1.0784959170364e-151
"Baysor","NID1",0.06351583831854,0
"Baysor","NKG7",0.00850046777810439,7.9873523579773e-18
"Baysor","NTN4",0.110466974980518,0
"Baysor","NTRK2",0.111286912275266,0
"Baysor","OTUD7B",0.0983693675773705,0
"Baysor","P2RX1",0.0337250288920568,1.68817938329399e-250
"Baysor","PAMR1",0.062632113781625,0
"Baysor","PCNA",0.0999668762533912,0
"Baysor","PCOLCE2",0.121357138766052,0
"Baysor","PDCD1",0.00520314554856968,9.11108099012275e-08
"Baysor","PDCD1LG2",0.0430115649721233,0
"Baysor","PDGFRA",0.0837939034821693,0
"Baysor","PDGFRB",0.0843345630326724,0
"Baysor","PDPN",0.203336084893666,0
"Baysor","PEBP4",0.155770687919474,0
"Baysor","PI3",0.0649380023956702,0
"Baysor","PIM1",0.0704087873417422,0
"Baysor","PIM2",0.133619135910599,0
"Baysor","PLA2G2A",0.102752795432481,0
"Baysor","PLA2G4F",0.0630350962822651,0
"Baysor","PLA2G7",0.170090669158958,0
"Baysor","PLN",0.438132054691463,0
"Baysor","PLVAP",0.206971933899394,0
"Baysor","POU2AF1",0.199043058850776,0
"Baysor","PROX1",0.203304220189981,0
"Baysor","PTGS1",0.109337406588669,0
"Baysor","RAMP2",0.0847281181667431,0
"Baysor","RARRES1",0.128400055130886,0
"Baysor","RBP4",0.0834619732239521,0
"Baysor","RERGL",0.146080735026514,0
"Baysor","RETN",0.107058526299824,0
"Baysor","RGS5",0.189241846451586,0
"Baysor","RND1",0.111293977889889,0
"Baysor","RUNX3",0.0818083437872959,0
"Baysor","S100A12",0.0566771668695493,0
"Baysor","S100A7",0.00037496505959839,0.352331828207757
"Baysor","S100B",0.15371724208787,0
"Baysor","SAMD3",0.043721830888547,0
"Baysor","SCEL",0.21262088024128,0
"Baysor","SEC11C",0.188004018111761,0
"Baysor","SELE",0.146869664902882,0
"Baysor","SELL",0.214472373748625,0
"Baysor","SELP",0.160677468070021,0
"Baysor","SEMA3B",0.115283716362978,0
"Baysor","SEMA3C",0.172929754351277,0
"Baysor","SERPINA3",0.107059159561066,0
"Baysor","SFRP2",0.203281943726676,0
"Baysor","SFTA2",0.33974590912683,0
"Baysor","SFTPD",0.182798474868278,0
"Baysor","SHANK3",0.146793203818003,0
"Baysor","SLC15A2",0.183344309932076,0
"Baysor","SLC18A2",0.0492506062030228,0
"Baysor","SLC1A3",0.100552937193766,0
"Baysor","SLC2A1",0.0922721772679325,0
"Baysor","SLC7A11",0.0383574832471588,2.47032822920623e-323
"Baysor","SLIT3",0.17536474703416,0
"Baysor","SMIM24",0.00139863428677231,0.080027707653426
"Baysor","SOX2",0.285824396804146,0
"Baysor","SOX9",0.112613402372124,0
"Baysor","SPDEF",0.187320973107612,0
"Baysor","SPIB",0.104705302666079,0
"Baysor","STAT4",0.0792498648158539,0
"Baysor","STC1",0.0670275277204066,0
"Baysor","STEAP4",0.28401911840343,0
"Baysor","SVEP1",0.111553934863251,0
"Baysor","SYK",0.0828757630160583,0
"Baysor","TACSTD2",0.328470142323407,0
"Baysor","TC2N",0.139915696271061,0
"Baysor","TCL1A",0.00191887252508776,0.0266322535000356
"Baysor","THBS2",0.190882794457944,0
"Baysor","THY1",0.172954085871385,0
"Baysor","TM4SF18",0.137055297742161,0
"Baysor","TM4SF4",0.160402110246069,0
"Baysor","TMC5",0.360449315169526,0
"Baysor","TMEM100",0.190600684565244,0
"Baysor","TMPRSS2",0.365956711991667,0
"Baysor","TNFRSF13B",0.121473128723194,0
"Baysor","TNFRSF13C",0.256841789536362,0
"Baysor","TNFRSF17",0.11899131073919,0
"Baysor","TNFRSF18",0.00924841819816439,9.35704889918078e-21
"Baysor","TOP2A",0.19214225891788,0
"Baysor","TP63",0.175630470319785,0
"Baysor","TP73",0.273716809037327,0
"Baysor","TREM2",0.158499678618678,0
"Baysor","TRPC6",0.0643876324075913,0
"Baysor","TSPAN8",0.277878429371728,0
"Baysor","UBE2C",0.108296649746273,0
"Baysor","UPK1B",0.0797223434657207,0
"Baysor","UPK3B",0.0754004957719592,0
"Baysor","VSIG4",0.151282697793653,0
"Baysor","VWF",0.192230920030634,0
"Baysor","WFS1",0.0619017486381447,0
"Baysor","WNT2",0.0572992176362231,0
"Baysor","WT1",0.00557893594395213,1.09981143306879e-08
"Scanpy","ACE",0.155022611053021,0
"Scanpy","ACE2",0.23900063649863,0
"Scanpy","ACKR1",0.294971319276676,0
"Scanpy","ADAM17",0.0832948860260902,0
"Scanpy","ADAM28",0.164029986238092,0
"Scanpy","ADAMTS1",0.272900637420031,0
"Scanpy","ADGRL4",0.10007755009806,0
"Scanpy","AGER",0.417252389587429,0
"Scanpy","AGR3",0.567641779502227,0
"Scanpy","AIF1",0.209513839417864,0
"Scanpy","ANPEP",0.181160425614248,0
"Scanpy","APOD",0.336150795529445,0
"Scanpy","APOLD1",0.132189578010621,0
"Scanpy","AQP9",0.178448585972711,0
"Scanpy","AREG",0.150011165553897,0
"Scanpy","ARL14",0.0338186937485544,1.3699600476548e-229
"Scanpy","ASCL1",0.236869804778946,0
"Scanpy","ASCL2",0.0445879751989056,0
"Scanpy","ASCL3",0.00460892742800777,5.16690125724996e-06
"Scanpy","ATP1B1",0.353883125651726,0
"Scanpy","BAIAP2L1",0.28599277410148,0
"Scanpy","BANK1",0.169493819588456,0
"Scanpy","BCAS1",0.251240558047291,0
"Scanpy","BMX",0.10313648206403,0
"Scanpy","CA4",0.125223141965121,0
"Scanpy","CCDC78",0.53882626853365,0
"Scanpy","CCNA1",0.181343124923493,0
"Scanpy","CCNB2",0.130716160668931,0
"Scanpy","CCR7",0.22376764355345,0
"Scanpy","CD14",0.148836569847064,0
"Scanpy","CD163",0.165174371288183,0
"Scanpy","CD19",0.174517907392183,0
"Scanpy","CD1A",0.0875292412986866,0
"Scanpy","CD1C",0.103236052695846,0
"Scanpy","CD2",0.242806752371437,0
"Scanpy","CD24",0.484966640742084,0
"Scanpy","CD247",0.111521706396351,0
"Scanpy","CD27",0.13392773344037,0
"Scanpy","CD274",0.0899307495168224,0
"Scanpy","CD28",0.167983801361703,0
"Scanpy","CD300E",0.0751934646756409,0
"Scanpy","CD34",0.115279296241553,0
"Scanpy","CD38",0.167399290613271,0
"Scanpy","CD3D",0.175650491072388,0
"Scanpy","CD3E",0.247719772597906,0
"Scanpy","CD4",0.147227694822755,0
"Scanpy","CD40",0.0560000883902982,0
"Scanpy","CD40LG",0.129871654558304,0
"Scanpy","CD68",0.203532403145512,0
"Scanpy","CD70",0.00685162472175866,2.77804588738432e-11
"Scanpy","CD79A",0.282213824771374,0
"Scanpy","CD80",0.0790546269104254,0
"Scanpy","CD86",0.142532906933732,0
"Scanpy","CD8A",0.158001418851447,0
"Scanpy","CD8B",0.0372736984494879,2.7335651999991e-278
"Scanpy","CDH1",0.457013237385625,0
"Scanpy","CDK1",0.124710252306415,0
"Scanpy","CENPF",0.130110450193444,0
"Scanpy","CFB",0.293006673732667,0
"Scanpy","CFTR",0.163393646089716,0
"Scanpy","CHIT1",0.401569271618113,0
"Scanpy","CLDN5",0.106201666439037,0
"Scanpy","CLEC10A",0.104014584524436,0
"Scanpy","CLEC12A",0.095524463584951,0
"Scanpy","CLEC4E",0.0686373936814229,0
"Scanpy","CNN1",0.470931789317051,0
"Scanpy","COL5A2",0.0910110422848982,0
"Scanpy","COL8A1",0.281461810937243,0
"Scanpy","CP",0.566574253124065,0
"Scanpy","CSPG4",0.0946104803202033,0
"Scanpy","CSTA",0.113387937444613,0
"Scanpy","CTLA4",0.155249904986585,0
"Scanpy","CTSL",0.125847760396574,0
"Scanpy","CTTN",0.239100123944819,0
"Scanpy","CXCL10",0.378449604785553,0
"Scanpy","CXCL13",0.298307543610644,0
"Scanpy","CXCL5",0.0911666659791694,0
"Scanpy","CXCL6",0.340205829025974,0
"Scanpy","CXCL9",0.428349818474486,0
"Scanpy","CXCR5",0.106698010713156,0
"Scanpy","CXCR6",0.0667642634490226,0
"Scanpy","CYP2F1",0.412318276508254,0
"Scanpy","DAPK2",0.0931721953856516,0
"Scanpy","DCLK1",0.233158733742944,0
"Scanpy","DES",0.478572899372285,0
"Scanpy","DGKG",0.106688748046074,0
"Scanpy","DIRAS3",0.0463549297856417,0
"Scanpy","DMBT1",0.220906095833277,0
"Scanpy","DNAJB9",0.162554961793025,0
"Scanpy","DPP6",0.021281829850832,2.58110806814414e-92
"Scanpy","DUOX1",0.182552595070447,0
"Scanpy","ECSCR",0.134553827121481,0
"Scanpy","EGFR",0.323272592646432,0
"Scanpy","EHF",0.478174913239611,0
"Scanpy","ELF3",0.351518312400539,0
"Scanpy","ENAH",0.19900291744279,0
"Scanpy","EPCAM",0.468780680124759,0
"Scanpy","ETV5",0.147583766575466,0
"Scanpy","F3",0.236197488356997,0
"Scanpy","FABP3",0.341212304417031,0
"Scanpy","FAM184A",0.186221932905254,0
"Scanpy","FAS",0.0594746301655665,0
"Scanpy","FASLG",0.0118964470747548,2.81406234871027e-30
"Scanpy","FASN",0.180146279082449,0
"Scanpy","FBN1",0.122393593919018,0
"Scanpy","FCER1A",0.10946750496211,0
"Scanpy","FCGR1A",0.183632189868605,0
"Scanpy","FCGR3A",0.229590079523527,0
"Scanpy","FCMR",0.279139573920544,0
"Scanpy","FCN1",0.0978638145265456,0
"Scanpy","FCN3",0.262557625622786,0
"Scanpy","FGFBP2",0.0525295470714915,0
"Scanpy","FGFR4",0.122218344466879,0
"Scanpy","FKBP11",0.106378686447211,0
"Scanpy","FOXI1",0.0071748417094789,3.33657225221684e-12
"Scanpy","FOXJ1",0.366082835699014,0
"Scanpy","FOXP3",0.101823493291686,0
"Scanpy","FSCN1",0.243921211497789,0
"Scanpy","GJA5",0.126538455924885,0
"Scanpy","GKN2",0.141403219194335,0
"Scanpy","GLCCI1",0.156504770444705,0
"Scanpy","GLIPR2",0.0932453569013937,0
"Scanpy","GNG11",0.138619216962275,0
"Scanpy","GPI",0.149775419371257,0
"Scanpy","GPR171",0.204056775453173,0
"Scanpy","GPR183",0.233028870924387,0
"Scanpy","GPR34",0.0885830311713566,0
"Scanpy","GPX2",0.226696895239365,0
"Scanpy","GZMA",0.125064042282414,0
"Scanpy","GZMB",0.076749114508131,0
"Scanpy","GZMK",0.185819846310674,0
"Scanpy","HAVCR2",0.147868066653406,0
"Scanpy","HIF1A",0.0885840842619846,0
"Scanpy","HIGD1B",0.0293176307858443,4.07228825691891e-173
"Scanpy","HMGCS1",0.137769899259194,0
"Scanpy","HP",0.0504355517153244,0
"Scanpy","HPGDS",0.0898424164313539,0
"Scanpy","ICA1",0.320806848619925,0
"Scanpy","IGF1",0.111069104688298,0
"Scanpy","IGFBP3",0.222827967254668,0
"Scanpy","IL1RL1",0.168991231605585,0
"Scanpy","IL7R",0.309597880559013,0
"Scanpy","IQGAP2",0.12111022112766,0
"Scanpy","IRF8",0.181540044910206,0
"Scanpy","ITGAM",0.125802293225832,0
"Scanpy","ITGB4",0.199097743562536,0
"Scanpy","KCNK3",0.103849232368289,0
"Scanpy","KDR",0.116088378504245,0
"Scanpy","KIT",0.199347882168345,0
"Scanpy","KLF5",0.343444553333858,0
"Scanpy","KLK11",0.254808577603828,0
"Scanpy","KLRB1",0.175257121570605,0
"Scanpy","KLRC1",0.0090568200761349,2.31162888297905e-18
"Scanpy","KLRD1",0.046371330827804,0
"Scanpy","KRT15",0.209569093044433,0
"Scanpy","KRT7",0.39580502875544,0
"Scanpy","LAG3",0.049818611563761,0
"Scanpy","LAMC3",0.0612973167709079,0
"Scanpy","LCK",0.116794463575804,0
"Scanpy","LGALS3BP",0.357908494082552,0
"Scanpy","LGR5",0.0512558943623428,0
"Scanpy","LGR6",0.130674343407296,0
"Scanpy","LILRA4",0.057269543539233,0
"Scanpy","LILRA5",0.0322062902155799,2.03246613471907e-208
"Scanpy","LILRB2",0.0765935270210673,0
"Scanpy","LILRB4",0.178134174036909,0
"Scanpy","LMOD1",0.225950331579078,0
"Scanpy","LTBP2",0.211706727803953,0
"Scanpy","LTF",0.375794229816091,0
"Scanpy","LYVE1",0.155200978009574,0
"Scanpy","MALL",0.304944090582049,0
"Scanpy","MAP7",0.294421441502414,0
"Scanpy","MARCO",0.321734689786544,0
"Scanpy","MCEMP1",0.210422080543192,0
"Scanpy","MEDAG",0.0630405837414129,0
"Scanpy","MET",0.232842759697708,0
"Scanpy","MFAP5",0.0387982203619783,2.44780412356291e-301
"Scanpy","MIS18BP1",0.0494554210376746,0
"Scanpy","MKI67",0.167779041328835,0
"Scanpy","MMP12",0.270719691999335,0
"Scanpy","MMP9",0.24421873858964,0
"Scanpy","MMRN1",0.232001717566211,0
"Scanpy","MPEG1",0.153973033010835,0
"Scanpy","MS4A1",0.348468638792142,0
"Scanpy","MS4A2",0.13023744277419,0
"Scanpy","MS4A4A",0.193070301030342,0
"Scanpy","MTUS1",0.133854342876929,0
"Scanpy","MUC1",0.463964244934383,0
"Scanpy","MUC5B",0.614629236499868,0
"Scanpy","MYC",0.147249873392058,0
"Scanpy","MYH11",0.498607876122966,0
"Scanpy","MYO6",0.264306256822542,0
"Scanpy","MZB1",0.330580401954982,0
"Scanpy","NCEH1",0.171528909394744,0
"Scanpy","NFKB1",0.0583656201301506,0
"Scanpy","NID1",0.0717962707191225,0
"Scanpy","NKG7",0.0101602914070462,1.28985437130548e-22
"Scanpy","NTN4",0.159810977959364,0
"Scanpy","NTRK2",0.12094713153131,0
"Scanpy","OTUD7B",0.15924217609632,0
"Scanpy","P2RX1",0.0336379954134773,4.23821510106112e-227
"Scanpy","PAMR1",0.0676717874717288,0
"Scanpy","PCNA",0.145839232692434,0
"Scanpy","PCOLCE2",0.138651014453229,0
"Scanpy","PDCD1",0.00325656096803328,0.000914063612433336
"Scanpy","PDCD1LG2",0.0542463970875855,0
"Scanpy","PDGFRA",0.0941800381960454,0
"Scanpy","PDGFRB",0.094724264987258,0
"Scanpy","PDPN",0.281103914926806,0
"Scanpy","PEBP4",0.197139449655614,0
"Scanpy","PI3",0.0705840399076333,0
"Scanpy","PIM1",0.0777562568944234,0
"Scanpy","PIM2",0.167792257138285,0
"Scanpy","PLA2G2A",0.0951838827481897,0
"Scanpy","PLA2G4F",0.092365098256342,0
"Scanpy","PLA2G7",0.206040719009248,0
"Scanpy","PLN",0.444362282904108,0
"Scanpy","PLVAP",0.230768272389499,0
"Scanpy","POU2AF1",0.223055600914159,0
"Scanpy","PROX1",0.213329881252376,0
"Scanpy","PTGS1",0.120270776407632,0
"Scanpy","RAMP2",0.0912994432618226,0
"Scanpy","RARRES1",0.141865180828275,0
"Scanpy","RBP4",0.087437759109271,0
"Scanpy","RERGL",0.149344194725896,0
"Scanpy","RETN",0.131443582034943,0
"Scanpy","RGS5",0.208599754158022,0
"Scanpy","RND1",0.137607004178319,0
"Scanpy","RUNX3",0.0867322295212531,0
"Scanpy","S100A12",0.0746600449009816,0
"Scanpy","S100A7",0.00332858326068372,0.000721343168527238
"Scanpy","S100B",0.184821383064586,0
"Scanpy","SAMD3",0.0475161932242524,0
"Scanpy","SCEL",0.287705221246011,0
"Scanpy","SEC11C",0.250510867716117,0
"Scanpy","SELE",0.145459035209571,0
"Scanpy","SELL",0.225979895351224,0
"Scanpy","SELP",0.158789753086034,0
"Scanpy","SEMA3B",0.120951890739934,0
"Scanpy","SEMA3C",0.23767850480994,0
"Scanpy","SERPINA3",0.119302053014853,0
"Scanpy","SFRP2",0.213319128835074,0
"Scanpy","SFTA2",0.431663524590429,0
"Scanpy","SFTPD",0.240618212698257,0
"Scanpy","SHANK3",0.174554107547897,0
"Scanpy","SLC15A2",0.246662658398114,0
"Scanpy","SLC18A2",0.0659120335231876,0
"Scanpy","SLC1A3",0.129867885162222,0
"Scanpy","SLC2A1",0.125689607352021,0
"Scanpy","SLC7A11",0.0449625161326127,0
"Scanpy","SLIT3",0.184045480081454,0
"Scanpy","SMIM24",0.00367538246551423,0.000217786039505378
"Scanpy","SOX2",0.316512945695548,0
"Scanpy","SOX9",0.125128403922587,0
"Scanpy","SPDEF",0.232761430944189,0
"Scanpy","SPIB",0.0939064228838703,0
"Scanpy","STAT4",0.0843522687756878,0
"Scanpy","STC1",0.0777435859864994,0
"Scanpy","STEAP4",0.359294315225436,0
"Scanpy","SVEP1",0.130543704100783,0
"Scanpy","SYK",0.112025155128319,0
"Scanpy","TACSTD2",0.428543114021327,0
"Scanpy","TC2N",0.187266529856822,0
"Scanpy","TCL1A",0.00294566421689033,0.00230308072975544
"Scanpy","THBS2",0.20855610736174,0
"Scanpy","THY1",0.185494454594037,0
"Scanpy","TM4SF18",0.174390361253364,0
"Scanpy","TM4SF4",0.194361114648306,0
"Scanpy","TMC5",0.443862440172799,0
"Scanpy","TMEM100",0.220816316292904,0
"Scanpy","TMPRSS2",0.439665754593517,0
"Scanpy","TNFRSF13B",0.120457016324477,0
"Scanpy","TNFRSF13C",0.269806035302363,0
"Scanpy","TNFRSF17",0.138681744861847,0
"Scanpy","TNFRSF18",0.007745703563557,6.4116082158934e-14
"Scanpy","TOP2A",0.219438316161125,0
"Scanpy","TP63",0.164354996145063,0
"Scanpy","TP73",0.286304635087558,0
"Scanpy","TREM2",0.196140085021051,0
"Scanpy","TRPC6",0.0915260291876752,0
"Scanpy","TSPAN8",0.316384322042815,0
"Scanpy","UBE2C",0.124602048630353,0
"Scanpy","UPK1B",0.0869190755298599,0
"Scanpy","UPK3B",0.0675070485642421,0
"Scanpy","VSIG4",0.188647610354747,0
"Scanpy","VWF",0.218543934306175,0
"Scanpy","WFS1",0.0965180220439611,0
"Scanpy","WNT2",0.0622063642503706,0
"Scanpy","WT1",0.00503457503469976,7.24255099581002e-07
"Segmap","ACE",0.30258120617558,0
"Segmap","ACE2",0.359256110441283,0
"Segmap","ACKR1",0.472308041530495,0
"Segmap","ADAM17",0.166110366032641,0
"Segmap","ADAM28",0.311076417104856,0
"Segmap","ADAMTS1",0.454219911615407,0
"Segmap","ADGRL4",0.249634981728787,0
"Segmap","AGER",0.662424786142846,0
"Segmap","AGR3",0.736690855610384,0
"Segmap","AIF1",0.341898994107134,0
"Segmap","ANPEP",0.313496954524079,0
"Segmap","APOD",0.500178008029666,0
"Segmap","APOLD1",0.288853318375661,0
"Segmap","AQP9",0.313778410307141,0
"Segmap","AREG",0.298448018254833,0
"Segmap","ARL14",0.133503772809579,1.42569105113533e-177
"Segmap","ASCL1",0.371280779444104,0
"Segmap","ASCL2",0.144896095635484,7.70632132060193e-317
"Segmap","ASCL3",0.105632726682271,8.89117272280408e-07
"Segmap","ATP1B1",0.501216308009401,0
"Segmap","BAIAP2L1",0.396741838010002,0
"Segmap","BANK1",0.326245572371329,0
"Segmap","BCAS1",0.366357425564539,0
"Segmap","BMX",0.233283771184046,0
"Segmap","CA4",0.269674154911925,0
"Segmap","CCDC78",0.688196074032552,0
"Segmap","CCNA1",0.315171846740474,0
"Segmap","CCNB2",0.255780645550885,0
"Segmap","CCR7",0.386351944590745,0
"Segmap","CD14",0.28081706813484,0
"Segmap","CD163",0.298471304883522,0
"Segmap","CD19",0.349504526515233,0
"Segmap","CD1A",0.203157863540632,0
"Segmap","CD1C",0.221504818659286,0
"Segmap","CD2",0.403769940323741,0
"Segmap","CD24",0.632981235277556,0
"Segmap","CD247",0.245164836926443,0
"Segmap","CD27",0.270963914972683,0
"Segmap","CD274",0.226979785371446,0
"Segmap","CD28",0.314850725225107,0
"Segmap","CD300E",0.203732102708359,0
"Segmap","CD34",0.261764288844386,0
"Segmap","CD38",0.303363106630806,0
"Segmap","CD3D",0.320240529620684,0
"Segmap","CD3E",0.402397710870291,0
"Segmap","CD4",0.280736788576975,0
"Segmap","CD40",0.148890440370753,0
"Segmap","CD40LG",0.265919008448185,0
"Segmap","CD68",0.355672911349245,0
"Segmap","CD70",0.111483041571441,1.05642600516403e-22
"Segmap","CD79A",0.445250829241279,0
"Segmap","CD80",0.193920125095619,0
"Segmap","CD86",0.260252981788148,0
"Segmap","CD8A",0.291047599209119,0
"Segmap","CD8B",0.151437684738476,0
"Segmap","CDH1",0.650826272648124,0
"Segmap","CDK1",0.253730877389078,0
"Segmap","CENPF",0.258524442056771,0
"Segmap","CFB",0.418296649994297,0
"Segmap","CFTR",0.291768440781686,0
"Segmap","CHIT1",0.56988787910041,0
"Segmap","CLDN5",0.251542396097706,0
"Segmap","CLEC10A",0.219224051585732,0
"Segmap","CLEC12A",0.217824287332773,0
"Segmap","CLEC4E",0.184278207147384,0
"Segmap","CNN1",0.633139275748166,0
"Segmap","COL5A2",0.216910545258884,0
"Segmap","COL8A1",0.406130686821317,0
"Segmap","CP",0.725399327142392,0
"Segmap","CSPG4",0.224022131502684,0
"Segmap","CSTA",0.227251298281549,0
"Segmap","CTLA4",0.320677864039072,0
"Segmap","CTSL",0.260878563031031,0
"Segmap","CTTN",0.397645388841701,0
"Segmap","CXCL10",0.54546504928082,0
"Segmap","CXCL13",0.441107620815403,0
"Segmap","CXCL5",0.242376969867565,0
"Segmap","CXCL6",0.51187631838432,0
"Segmap","CXCL9",0.59272367663062,0
"Segmap","CXCR5",0.240585680048464,0
"Segmap","CXCR6",0.191603204082925,0
"Segmap","CYP2F1",0.569280300828112,0
"Segmap","DAPK2",0.210903677835288,0
"Segmap","DCLK1",0.34351812585992,0
"Segmap","DES",0.640351180166795,0
"Segmap","DGKG",0.237341525915773,0
"Segmap","DIRAS3",0.156020168789244,0
"Segmap","DMBT1",0.392368939886373,0
"Segmap","DNAJB9",0.262525660580729,0
"Segmap","DPP6",0.128999098943186,1.30791966554155e-133
"Segmap","DUOX1",0.311943720097234,0
"Segmap","ECSCR",0.287048122844269,0
"Segmap","EGFR",0.471482809123338,0
"Segmap","EHF",0.603782517165683,0
"Segmap","ELF3",0.470696161766138,0
"Segmap","ENAH",0.323300728169764,0
"Segmap","EPCAM",0.661290459485976,0
"Segmap","ETV5",0.252349252558612,0
"Segmap","F3",0.384804777839858,0
"Segmap","FABP3",0.499138487301165,0
"Segmap","FAM184A",0.285236675425716,0
"Segmap","FAS",0.16708570917224,0
"Segmap","FASLG",0.120451014852216,1.42458603236667e-67
"Segmap","FASN",0.281672203121866,0
"Segmap","FBN1",0.265974448503805,0
"Segmap","FCER1A",0.228098707715764,0
"Segmap","FCGR1A",0.320576323578609,0
"Segmap","FCGR3A",0.375957650933482,0
"Segmap","FCMR",0.458949758145969,0
"Segmap","FCN1",0.222709535269989,0
"Segmap","FCN3",0.463573011711903,0
"Segmap","FGFBP2",0.175565908780213,0
"Segmap","FGFR4",0.272994794755862,0
"Segmap","FKBP11",0.211444285421851,0
"Segmap","FOXI1",0.11038863972587,6.3182624081899e-19
"Segmap","FOXJ1",0.508952140018924,0
"Segmap","FOXP3",0.236147686590224,0
"Segmap","FSCN1",0.35509935543982,0
"Segmap","GJA5",0.277322950715569,0
"Segmap","GKN2",0.313338667763679,0
"Segmap","GLCCI1",0.260557336406897,0
"Segmap","GLIPR2",0.207933155034284,0
"Segmap","GNG11",0.301239541763607,0
"Segmap","GPI",0.242052528005479,0
"Segmap","GPR171",0.335216618321004,0
"Segmap","GPR183",0.370073602758536,0
"Segmap","GPR34",0.200225808324581,0
"Segmap","GPX2",0.353057735816105,0
"Segmap","GZMA",0.257650024108333,0
"Segmap","GZMB",0.200888581144605,0
"Segmap","GZMK",0.33575156679188,0
"Segmap","HAVCR2",0.271009646281269,0
"Segmap","HIF1A",0.18135576485275,0
"Segmap","HIGD1B",0.140792745716235,5.05214853551865e-262
"Segmap","HMGCS1",0.229950190585808,0
"Segmap","HP",0.172898424163004,0
"Segmap","HPGDS",0.212501592511004,0
"Segmap","ICA1",0.442038499485194,0
"Segmap","IGF1",0.253014167267408,0
"Segmap","IGFBP3",0.375533172439009,0
"Segmap","IL1RL1",0.339369187036045,0
"Segmap","IL7R",0.516608509135038,0
"Segmap","IQGAP2",0.218580099512719,0
"Segmap","IRF8",0.332481358420238,0
"Segmap","ITGAM",0.247161407360756,0
"Segmap","ITGB4",0.304562320044466,0
"Segmap","KCNK3",0.230718028195866,0
"Segmap","KDR",0.263705370529843,0
"Segmap","KIT",0.309492843608776,0
"Segmap","KLF5",0.445502000794626,0
"Segmap","KLK11",0.371104206049185,0
"Segmap","KLRB1",0.311768323002092,0
"Segmap","KLRC1",0.118514061921105,8.74859363154075e-56
"Segmap","KLRD1",0.177148456675284,0
"Segmap","KRT15",0.347093207902523,0
"Segmap","KRT7",0.531829151919686,0
"Segmap","LAG3",0.155362094397068,0
"Segmap","LAMC3",0.182082763128142,0
"Segmap","LCK",0.248243977118919,0
"Segmap","LGALS3BP",0.522481827877706,0
"Segmap","LGR5",0.17208590772546,0
"Segmap","LGR6",0.261202326745559,0
"Segmap","LILRA4",0.181202830221791,0
"Segmap","LILRA5",0.147430929282176,0
"Segmap","LILRB2",0.18894368339961,0
"Segmap","LILRB4",0.301972045749632,0
"Segmap","LMOD1",0.390679082786423,0
"Segmap","LTBP2",0.379577341693266,0
"Segmap","LTF",0.529822777580428,0
"Segmap","LYVE1",0.328037169625802,0
"Segmap","MALL",0.446197800513023,0
"Segmap","MAP7",0.397439114617402,0
"Segmap","MARCO",0.478208570984534,0
"Segmap","MCEMP1",0.36508742083963,0
"Segmap","MEDAG",0.195799317879613,0
"Segmap","MET",0.363796182213729,0
"Segmap","MFAP5",0.15532447571216,0
"Segmap","MIS18BP1",0.149471689020709,0
"Segmap","MKI67",0.299808446852315,0
"Segmap","MMP12",0.446345264513983,0
"Segmap","MMP9",0.395522115663232,0
"Segmap","MMRN1",0.406925703397777,0
"Segmap","MPEG1",0.2842218700563,0
"Segmap","MS4A1",0.574687326131249,0
"Segmap","MS4A2",0.273116733613476,0
"Segmap","MS4A4A",0.32940172027043,0
"Segmap","MTUS1",0.248322196972844,0
"Segmap","MUC1",0.644913136940548,0
"Segmap","MUC5B",0.791989971127148,0
"Segmap","MYC",0.290066134575564,0
"Segmap","MYH11",0.668499991195974,0
"Segmap","MYO6",0.390083960391455,0
"Segmap","MZB1",0.501223273768196,0
"Segmap","NCEH1",0.271886405758598,0
"Segmap","NFKB1",0.149665223861351,0
"Segmap","NID1",0.199170308921864,0
"Segmap","NKG7",0.115022747808104,1.96390614452085e-37
"Segmap","NTN4",0.257033346652755,0
"Segmap","NTRK2",0.274329834939313,0
"Segmap","OTUD7B",0.244133482439484,0
"Segmap","P2RX1",0.15845512011194,0
"Segmap","PAMR1",0.183080808293218,0
"Segmap","PCNA",0.245925921960637,0
"Segmap","PCOLCE2",0.279811599824279,0
"Segmap","PDCD1",0.103794865990792,0.000642492531419124
"Segmap","PDCD1LG2",0.164438481600312,0
"Segmap","PDGFRA",0.233528567868957,0
"Segmap","PDGFRB",0.22945080870862,0
"Segmap","PDPN",0.380825221690412,0
"Segmap","PEBP4",0.366983910393489,0
"Segmap","PI3",0.179743262454541,0
"Segmap","PIM1",0.213015689049974,0
"Segmap","PIM2",0.310784471536187,0
"Segmap","PLA2G2A",0.243871978735864,0
"Segmap","PLA2G4F",0.213700990823953,0
"Segmap","PLA2G7",0.340333737348307,0
"Segmap","PLN",0.619281728947823,0
"Segmap","PLVAP",0.386493414131146,0
"Segmap","POU2AF1",0.400034331547878,0
"Segmap","PROX1",0.363972404930099,0
"Segmap","PTGS1",0.248411080459835,0
"Segmap","RAMP2",0.236989742463723,0
"Segmap","RARRES1",0.267108596322115,0
"Segmap","RBP4",0.211907380254175,0
"Segmap","RERGL",0.299725225528699,0
"Segmap","RETN",0.254397498216832,0
"Segmap","RGS5",0.358886088355538,0
"Segmap","RND1",0.295681035268659,0
"Segmap","RUNX3",0.209239774230742,0
"Segmap","S100A12",0.187899851770681,0
"Segmap","S100A7",0.103771653731314,0.000686717962219578
"Segmap","S100B",0.310321215421048,0
"Segmap","SAMD3",0.165950762906241,0
"Segmap","SCEL",0.423533068290479,0
"Segmap","SEC11C",0.374912068941493,0
"Segmap","SELE",0.295450949998132,0
"Segmap","SELL",0.396549603328084,0
"Segmap","SELP",0.313937648521339,0
"Segmap","SEMA3B",0.28600007016298,0
"Segmap","SEMA3C",0.34888136561193,0
"Segmap","SERPINA3",0.25881308977586,0
"Segmap","SFRP2",0.380333971031109,0
"Segmap","SFTA2",0.549423740938751,0
"Segmap","SFTPD",0.441910939374688,0
"Segmap","SHANK3",0.347530777665516,0
"Segmap","SLC15A2",0.350954247182208,0
"Segmap","SLC18A2",0.208224580740157,0
"Segmap","SLC1A3",0.25788417165511,0
"Segmap","SLC2A1",0.234750532877373,0
"Segmap","SLC7A11",0.155239150947811,0
"Segmap","SLIT3",0.363169201250276,0
"Segmap","SMIM24",0.104502425629817,6.68866385448645e-05
"Segmap","SOX2",0.470457349068735,0
"Segmap","SOX9",0.240239865874128,0
"Segmap","SPDEF",0.363930424769639,0
"Segmap","SPIB",0.226803996106103,0
"Segmap","STAT4",0.217717277578659,0
"Segmap","STC1",0.209667603669286,0
"Segmap","STEAP4",0.496699610928809,0
"Segmap","SVEP1",0.277106272610646,0
"Segmap","SYK",0.226579619995581,0
"Segmap","TACSTD2",0.552919429853095,0
"Segmap","TC2N",0.286516996180297,0
"Segmap","TCL1A",0.106176478452388,7.43470950268413e-08
"Segmap","THBS2",0.366524663738564,0
"Segmap","THY1",0.337158832278341,0
"Segmap","TM4SF18",0.285109539280323,0
"Segmap","TM4SF4",0.318893091271941,0
"Segmap","TMC5",0.57508696831591,0
"Segmap","TMEM100",0.409923892315354,0
"Segmap","TMPRSS2",0.601521383788832,0
"Segmap","TNFRSF13B",0.26850351239847,0
"Segmap","TNFRSF13C",0.470700014972407,0
"Segmap","TNFRSF17",0.281151943988572,0
"Segmap","TNFRSF18",0.111992077087458,1.42792733391333e-24
"Segmap","TOP2A",0.360892997668481,0
"Segmap","TP63",0.319005312070385,0
"Segmap","TP73",0.431537848468269,0
"Segmap","TREM2",0.320831376296557,0
"Segmap","TRPC6",0.202406042521891,0
"Segmap","TSPAN8",0.453227694190442,0
"Segmap","UBE2C",0.252233581797118,0
"Segmap","UPK1B",0.198865506637883,0
"Segmap","UPK3B",0.212990453801303,0
"Segmap","VSIG4",0.323483708264478,0
"Segmap","VWF",0.39785385532735,0
"Segmap","WFS1",0.19880414923977,0
"Segmap","WNT2",0.183324967510477,0
"Segmap","WT1",0.105117155706923,7.08433926655109e-06
